{"noun":{"noun":0.19654300381657,"verb":0.1564507151071,"adv":0.040838270094704,"adj":0.023002360463313,"art":0.041708672264515,"conj":0.16920248722038,"prep":0.31992386969286,"pnoun":0.052330621340555},"verb":{"noun":0.10671327449245,"verb":0.12158012008611,"adv":0.070079643356757,"adj":0.063380589362553,"art":0.26857980911979,"conj":0.041619800416164,"prep":0.20029357618975,"pnoun":0.12775318697642},"adv":{"noun":0.066653642152869,"verb":0.41039065227874,"adv":0.07001438238864,"adj":0.16200139667127,"art":0.11514224431771,"conj":0.046509984536854,"prep":0.094458207937748,"pnoun":0.034829489716176},"adj":{"noun":0.63387120127797,"verb":0.029332317413297,"adv":0.0082128115112285,"adj":0.050011512177985,"art":0.015757441970315,"conj":0.095693495975485,"prep":0.15110861087177,"pnoun":0.01601260880195},"art":{"noun":0.71056077127438,"verb":0.045754992509426,"adv":0.025888476530338,"adj":0.20903986015449,"art":0,"conj":0.00040228648912781,"prep":0.0009038036455738,"pnoun":0.0074498093966615},"conj":{"noun":0.27248731876784,"verb":0.18345961985939,"adv":0.049576782399042,"adj":0.090346967689387,"art":0.19665230766878,"conj":0.01072431680041,"prep":0.038926076972641,"pnoun":0.15782660984251},"prep":{"noun":0.17337034179323,"verb":0.19274360558857,"adv":0.010998590208503,"adj":0.049570088114835,"art":0.43403387244769,"conj":0.0033515509426189,"prep":0.0023334743506991,"pnoun":0.13359847655386},"pnoun":{"noun":0.4068955884394,"verb":0.33302716526976,"adv":0.033087367517484,"adj":0.054494084532442,"art":0.030582918650939,"conj":0.031940784326553,"prep":0.072392097858267,"pnoun":0.037579993405158}}