{"noun":{"1":0.19654300381657,"2":0.058349041323227,"3":0.041845277691911},"verb":{"1":0.12158012008611,"2":0.0065313950164829,"3":0.0020131081816519},"adv":{"1":0.07001438238864,"2":0.0071184506005946,"3":0.001370307698474},"adj":{"1":0.050011512177985,"2":0.0014764713175569,"3":0.00034539560385008},"art":{"1":0,"2":0,"3":0},"conj":{"1":0.01072431680041,"2":0.00035287307324843,"3":2.1172384394906e-5},"prep":{"1":0.0023334743506991,"2":2.6605676701465e-5,"3":7.4339390783506e-6},"pnoun":{"1":0.037579993405158,"2":0.00040703292734304,"3":8.9547244015468e-5}}